section_number,average_hz_val,section_sigma,section_std,user
1,253.43222988823058,0.9142117256083395,0.6689425167654109,nath
