section_number,average_hz_val,section_sigma,section_std,user
1,232.79475139287328,1.6448624801641074,1.3097520605297814,sarah
2,210.99662547213885,0.500135388299384,1.6364854276302885,sarah
3,188.99632969427626,0.7440992607207022,0.5653589388554374,sarah
4,208.33567070963355,0.2803802902171526,3.3327896656335536,sarah
